customer_id,name,email,phone,address,registration_date
1,"Mohanlal Koshy",mohanlal.koshy@example.in,"+91 6416412391","58/07, Bansal Ganj, Mahbubnagar-832591","2023-10-16 00:00:00"
2,"Zara Bhargava",zara.bhargava@example.in,"+91 6936968075","H.No. 050, Kala Chowk, Haridwar 883214","2023-12-08 00:00:00"
3,"Bhavin Tiwari",bhavin.tiwari@example.in,"+91 8406186662","H.No. 871, Sagar Path, Tadepalligudem-524113","2023-04-21 00:00:00"
4,"Nitara Kata",nitara.kata@example.in,"+91 8024711641","H.No. 03, Gokhale Zila, Rajahmundry 550856","2023-09-15 00:00:00"
5,"Ryan Bali",ryan.bali@example.in,"+91 8072021633","93/856, Rout Chowk, Vadodara 820742","2023-08-15 00:00:00"
6,"Aayush Sama",aayush.sama@example.in,"+91 9309808808","H.No. 83, Kakar Path, Giridih 671441","2023-12-28 00:00:00"
7,"Manjari Chowdhury",manjari.chowdhury@example.in,"+91 8917043434","H.No. 19, Dave Road, Srikakulam-111988","2023-02-01 00:00:00"
8,"Pari Jain",pari.jain@example.in,"+91 6613364489","54/05, Mangal Nagar, Madhyamgram-537417","2023-06-20 00:00:00"
9,"Divyansh Sama",divyansh.sama@example.in,"+91 7055087375","78/20, Swamy Nagar, Chandrapur-241296","2023-01-26 00:00:00"
10,"Manikya Bora",manikya.bora@example.in,"+91 9513754166","H.No. 996, Rana Path, Shimla-726857","2023-12-15 00:00:00"
11,"Yashvi Venkatesh",yashvi.venkatesh@example.in,"+91 9196924568","05/13, Johal Circle, Dehradun-631999","2023-07-23 00:00:00"
12,"Jiya Jaggi",jiya.jaggi@example.in,"+91 7708223022","86/478, Sarma Zila, Pudukkottai-987478","2023-12-05 00:00:00"
13,"Trisha Borra",trisha.borra@example.in,"+91 9497291244","H.No. 69, Bhandari, Loni-139552","2023-12-20 00:00:00"
14,"Dishani Vora",dishani.vora@example.in,"+91 6136755828","04, Cherian Road, Kurnool 493651","2023-01-19 00:00:00"
15,"Samar Dubey",samar.dubey@example.in,"+91 8193915371","03/37, Choudhury Chowk, Ahmedabad-086891","2023-05-10 00:00:00"
16,"Advik Dhawan",advik.dhawan@example.in,"+91 7025493494","834, Krishna Road, Rourkela 860126","2023-08-15 00:00:00"
17,"Veer Bassi",veer.bassi@example.in,"+91 7980529966","H.No. 91, Bahl Road, Deoghar 870842","2023-01-14 00:00:00"
18,"Pranay Ramakrishnan",pranay.ramakrishnan@example.in,"+91 7206305505","12, Savant Marg, Hazaribagh-984450","2023-04-29 00:00:00"
19,"Hunar Kar",hunar.kar@example.in,"+91 6973467307","265, Srinivas Chowk, Jabalpur-649229","2023-07-05 00:00:00"
20,"Eva Goyal",eva.goyal@example.in,"+91 7786169119","H.No. 902, Deshmukh Zila, Jodhpur 430610","2023-07-27 00:00:00"
21,"Aaryahi Vaidya",aaryahi.vaidya@example.in,"+91 8417034851","H.No. 533, Tata Path, Ludhiana 519895","2023-04-29 00:00:00"
22,"Reyansh Virk",reyansh.virk@example.in,"+91 7790703542","53, Kala Street, Kishanganj 357768","2023-11-29 00:00:00"
23,"Aarush Vyas",aarush.vyas@example.in,"+91 9917652150","48/256, Kashyap Path, Jamalpur 036413","2023-07-31 00:00:00"
24,"Nitara Lala",nitara.lala@example.in,"+91 6450927428","92, Bal Zila, Parbhani-535605","2023-03-03 00:00:00"
25,"Tanya Swaminathan",tanya.swaminathan@example.in,"+91 6145129075","H.No. 42, Kibe Path, Tumkur-548311","2023-02-08 00:00:00"
26,"Raunak Buch",raunak.buch@example.in,"+91 6914720530","265, Chowdhury, Aurangabad 617976","2023-01-09 00:00:00"
27,"Advika Vala",advika.vala@example.in,"+91 8902652088","58/001, Mangal Circle, Jammu 119324","2023-10-17 00:00:00"
28,"Amani Sibal",amani.sibal@example.in,"+91 8108587432","36/136, Ratta Nagar, Vijayanagaram 192283","2023-11-27 00:00:00"
29,"Umang Ganesh",umang.ganesh@example.in,"+91 6531313770","48/01, Kaur Path, Akola 078206","2023-02-20 00:00:00"
30,"Tara Behl",tara.behl@example.in,"+91 9218904239","H.No. 72, Khosla Road, Nangloi Jat-607384","2023-12-25 00:00:00"
31,"Vedika Swaminathan",vedika.swaminathan@example.in,"+91 9040810094","H.No. 574, Krishnamurthy Ganj, Danapur 866422","2023-06-30 00:00:00"
32,"Yuvraj  Kibe",yuvraj.kibe@example.in,"+91 8096997788","313, Ghosh Circle, Kozhikode 543782","2023-07-11 00:00:00"
33,"Riaan Gara",riaan.gara@example.in,"+91 9761125515","359, Kari Nagar, Hapur-173006","2023-02-21 00:00:00"
34,"Rati Chandra",rati.chandra@example.in,"+91 9317202612","786, Gupta, Adoni-693121","2023-02-19 00:00:00"
35,"Raghav Khurana",raghav.khurana@example.in,"+91 8773117817","17/318, Sengupta Nagar, Dibrugarh 837095","2023-04-04 00:00:00"
36,"Saira Gara",saira.gara@example.in,"+91 8035322070","H.No. 73, Karan Chowk, Allahabad 605464","2023-11-14 00:00:00"
37,"Samar Srivastava",samar.srivastava@example.in,"+91 7367598484","H.No. 464, Deo Street, Madurai 169616","2023-08-02 00:00:00"
38,"Darshit Rama",darshit.rama@example.in,"+91 6986084857","03/015, Sura Marg, Bangalore-393340","2023-04-26 00:00:00"
39,"Vihaan Jain",vihaan.jain@example.in,"+91 9365288656","81, Dhar Street, Warangal 167422","2023-10-27 00:00:00"
40,"Ritvik Badal",ritvik.badal@example.in,"+91 9971062011","007, Divan Road, Tumkur-172150","2023-02-26 00:00:00"
41,"Rohan Keer",rohan.keer@example.in,"+91 8488114597","H.No. 38, Kalla Zila, Guna 059287","2023-04-24 00:00:00"
42,"Shanaya Badal",shanaya.badal@example.in,"+91 7972098350","40, Comar Ganj, Nanded-754043","2023-02-04 00:00:00"
43,"Priyansh Toor",priyansh.toor@example.in,"+91 7834745468","741, Gera Circle, Chittoor-893109","2023-07-17 00:00:00"
44,"Zara Tara",zara.tara@example.in,"+91 7596411428","15/86, Apte Path, Silchar 642150","2023-06-01 00:00:00"
45,"Charvi Tandon",charvi.tandon@example.in,"+91 9935824847","905, Dass Chowk, Bangalore-629444","2023-06-18 00:00:00"
46,"Ojas Kara",ojas.kara@example.in,"+91 9309005533","487, Raval Chowk, Vijayanagaram 145300","2023-01-21 00:00:00"
47,"Fateh Sinha",fateh.sinha@example.in,"+91 8272745039","H.No. 55, Balasubramanian Path, Kanpur 222671","2023-11-23 00:00:00"
48,"Chirag Dhaliwal",chirag.dhaliwal@example.in,"+91 7278800707","79/28, Wable Road, Etawah-444516","2023-04-23 00:00:00"
49,"Elakshi Khare",elakshi.khare@example.in,"+91 8602078672","23/217, Lanka, Amaravati 384818","2023-11-09 00:00:00"
50,"Jhanvi Bedi",jhanvi.bedi@example.in,"+91 7171716545","34/966, Kale Nagar, Sangli-Miraj & Kupwad 241760","2023-05-10 00:00:00"
51,"Himmat Ramachandran",himmat.ramachandran@example.in,"+91 8728205561","83/296, Balay Road, Dehradun-738079","2023-03-16 00:00:00"
52,"Miraya Ravi",miraya.ravi@example.in,"+91 9111802564","37/687, Dhillon Street, Sonipat 488306","2023-12-15 00:00:00"
53,"Devansh Borah",devansh.borah@example.in,"+91 7931091439","82/442, De Ganj, Bikaner-691769","2023-03-01 00:00:00"
54,"Diya Yogi",diya.yogi@example.in,"+91 6944272877","77/58, Sha Circle, Nagpur-540247","2023-12-13 00:00:00"
55,"Kiara Singhal",kiara.singhal@example.in,"+91 8365675914","H.No. 06, Devi Path, Mahbubnagar 731679","2023-04-06 00:00:00"
56,"Ivana Koshy",ivana.koshy@example.in,"+91 7183540087","33/990, Brar Ganj, Bangalore-776459","2023-06-15 00:00:00"
57,"Hazel Shah",hazel.shah@example.in,"+91 7551544191","H.No. 008, Ganesh Street, Gudivada-462216","2023-06-27 00:00:00"
58,"Zoya Toor",zoya.toor@example.in,"+91 8740393197","H.No. 526, Golla Chowk, Siliguri-834453","2023-01-25 00:00:00"
59,"Miraya Sandal",miraya.sandal@example.in,"+91 7449169151","H.No. 690, Anne Zila, Pallavaram 584120","2023-11-19 00:00:00"
60,"Kiara Tiwari",kiara.tiwari@example.in,"+91 7431424719","40/859, Joshi Street, Vijayanagaram-165883","2023-03-18 00:00:00"
61,"Yasmin Balakrishnan",yasmin.balakrishnan@example.in,"+91 9655174579","H.No. 24, Varkey Chowk, Rourkela-051758","2023-05-29 00:00:00"
62,"Nirvaan Tailor",nirvaan.tailor@example.in,"+91 6922474703","95, Bose Marg, Tinsukia 216947","2023-05-25 00:00:00"
63,"Samarth Kanda",samarth.kanda@example.in,"+91 7249222231","71/27, Ratta, Mangalore 669172","2023-10-04 00:00:00"
64,"Emir Badal",emir.badal@example.in,"+91 8814969898","H.No. 29, Dixit Road, Siliguri-175851","2023-08-10 00:00:00"
65,"Manikya Konda",manikya.konda@example.in,"+91 7939875631","20/11, Koshy Circle, Mira-Bhayandar-483931","2023-10-04 00:00:00"
66,"Kimaya Dâ€™Alia",kimaya.dâ€™alia@example.in,"+91 8633808483","34, Chauhan Marg, Srinagar 030111","2023-12-18 00:00:00"
67,"Dhanush Deshpande",dhanush.deshpande@example.in,"+91 8120652406","27, Dasgupta, Anantapuram-085130","2023-07-20 00:00:00"
68,"Tushar Trivedi",tushar.trivedi@example.in,"+91 7717951596","39/896, Atwal Nagar, Kota-119671","2023-11-10 00:00:00"
69,"Umang Sethi",umang.sethi@example.in,"+91 8575439033","04/118, Badami Circle, Surat 185209","2023-08-22 00:00:00"
70,"Heer Dani",heer.dani@example.in,"+91 8552843400","76/073, Hayer Chowk, Eluru 097655","2023-08-17 00:00:00"
71,"Taran Sen",taran.sen@example.in,"+91 6916224702","H.No. 394, Virk Chowk, Jabalpur 805590","2023-03-18 00:00:00"
72,"Shray Bali",shray.bali@example.in,"+91 7175131159","H.No. 79, Hari Zila, Faridabad-280267","2023-03-03 00:00:00"
73,"Miraya Luthra",miraya.luthra@example.in,"+91 8807398222","07, Wable Circle, Khandwa-848082","2023-03-20 00:00:00"
74,"Yuvraj  Dhar",yuvraj.dhar@example.in,"+91 7947470187","63/378, Agate Street, Rampur-655017","2023-07-27 00:00:00"
75,"Reyansh Khurana",reyansh.khurana@example.in,"+91 9860446458","66/768, Dua Road, Saharsa-329658","2023-03-12 00:00:00"
76,"Anika Wadhwa",anika.wadhwa@example.in,"+91 7650917733","H.No. 801, Samra Marg, Madanapalle 037594","2023-04-06 00:00:00"
77,"Nitara Devan",nitara.devan@example.in,"+91 9027301237","28/405, Wadhwa Circle, Chittoor-558044","2023-09-24 00:00:00"
78,"Manjari Dayal",manjari.dayal@example.in,"+91 7500749432","64/21, Chopra, Shimla 582482","2023-11-11 00:00:00"
79,"Rasha Bawa",rasha.bawa@example.in,"+91 8280163313","62/55, Loyal Street, Kochi-864253","2023-02-15 00:00:00"
80,"Umang Sahota",umang.sahota@example.in,"+91 7801355342","H.No. 108, Gupta Road, Nagercoil-613174","2023-01-13 00:00:00"
81,"Yashvi Gour",yashvi.gour@example.in,"+91 7269830547","H.No. 26, Singhal Marg, Mysore 597825","2023-10-17 00:00:00"
82,"Renee Rama",renee.rama@example.in,"+91 7399629283","06, Vasa Ganj, Bhilwara-468972","2023-11-14 00:00:00"
83,"Dhanush Bora",dhanush.bora@example.in,"+91 6779990968","63/55, Sarna Nagar, Ramgarh-297588","2023-12-22 00:00:00"
84,"Adah Rege",adah.rege@example.in,"+91 9343815058","53/436, Sarin Ganj, Vijayanagaram 437421","2023-04-03 00:00:00"
85,"Nirvaan Kala",nirvaan.kala@example.in,"+91 8585907795","46/168, Kakar Chowk, Anand 747864","2023-05-06 00:00:00"
86,"Vidur Bhakta",vidur.bhakta@example.in,"+91 7470609008","35/41, Sandal Path, Morbi 906160","2023-12-16 00:00:00"
87,"Darshit Bose",darshit.bose@example.in,"+91 7783244916","H.No. 26, Sarma, Bhiwani-800386","2023-10-04 00:00:00"
88,"Divit Brar",divit.brar@example.in,"+91 8886893343","039, Sahota Ganj, Ongole 072364","2023-11-29 00:00:00"
89,"Tara Chawla",tara.chawla@example.in,"+91 9668647819","276, Guha Ganj, Gurgaon 361578","2023-04-15 00:00:00"
90,"Raghav Thaker",raghav.thaker@example.in,"+91 7914344979","70/432, Sant Road, Bhiwandi-624901","2023-09-12 00:00:00"
91,"Vaibhav Mall",vaibhav.mall@example.in,"+91 6507405938","09/470, Din Marg, Korba 780331","2023-08-18 00:00:00"
92,"Eshani Vasa",eshani.vasa@example.in,"+91 9213997682","50, Jaggi Circle, Satara-667735","2023-01-20 00:00:00"
93,"Arhaan Gala",arhaan.gala@example.in,"+91 6660654341","01, Shere Zila, Loni 304391","2023-05-19 00:00:00"
94,"Renee Desai",renee.desai@example.in,"+91 9101764838","048, Chokshi Zila, Chandrapur-721571","2023-09-26 00:00:00"
95,"Rati Dyal",rati.dyal@example.in,"+91 7273540527","60, Tandon Circle, Ghaziabad-911393","2023-07-19 00:00:00"
96,"Hazel Sachdeva",hazel.sachdeva@example.in,"+91 8612863114","983, Kanda Zila, Narasaraopet-877122","2023-07-10 00:00:00"
97,"Onkar Lal",onkar.lal@example.in,"+91 8171084399","36/55, Raman, Bhatpara 915241","2023-12-21 00:00:00"
98,"Jayant Lall",jayant.lall@example.in,"+91 8586267309","75/567, Shankar, Jaunpur 374269","2023-04-14 00:00:00"
99,"Dhanush Thakur",dhanush.thakur@example.in,"+91 6141483387","39, Ganesan Marg, Kumbakonam 100684","2023-07-07 00:00:00"
100,"Inaaya  Atwal",inaaya.atwal@example.in,"+91 8619189940","49/284, Gill Road, Burhanpur-196385","2023-09-19 00:00:00"
