payment_id,order_id,payment_method,payment_status,payment_date
1,1,PayPal,Refunded,"2023-11-18 00:00:00"
2,2,"Bank Transfer",Success,"2023-12-31 00:00:00"
3,3,PayPal,Refunded,"2023-05-09 00:00:00"
4,4,"Credit Card",Failed,"2023-10-05 00:00:00"
5,5,"Bank Transfer",Failed,"2023-10-01 00:00:00"
6,6,COD,Success,"2023-06-21 00:00:00"
7,7,COD,Refunded,"2023-02-05 00:00:00"
8,8,"Credit Card",Success,"2023-01-30 00:00:00"
9,9,COD,Failed,"2023-02-08 00:00:00"
10,10,COD,Refunded,"2023-04-15 00:00:00"
11,11,PayPal,Refunded,"2023-02-12 00:00:00"
12,12,COD,Refunded,"2023-09-19 00:00:00"
13,13,PayPal,Success,"2023-03-30 00:00:00"
14,14,COD,Refunded,"2023-01-22 00:00:00"
15,15,"Credit Card",Failed,"2023-07-27 00:00:00"
16,16,"Credit Card",Failed,"2023-08-29 00:00:00"
17,17,PayPal,Failed,"2023-08-07 00:00:00"
18,18,COD,Success,"2023-01-04 00:00:00"
19,19,COD,Success,"2023-04-05 00:00:00"
20,20,COD,Refunded,"2023-04-06 00:00:00"
21,21,COD,Success,"2023-07-12 00:00:00"
22,22,PayPal,Refunded,"2023-11-08 00:00:00"
23,23,PayPal,Refunded,"2023-09-08 00:00:00"
24,24,PayPal,Refunded,"2023-11-15 00:00:00"
25,25,"Bank Transfer",Failed,"2023-04-20 00:00:00"
26,26,COD,Refunded,"2023-11-19 00:00:00"
27,27,PayPal,Success,"2023-07-10 00:00:00"
28,28,"Credit Card",Refunded,"2023-12-16 00:00:00"
29,29,"Bank Transfer",Success,"2023-03-22 00:00:00"
30,30,COD,Refunded,"2023-03-26 00:00:00"
31,31,PayPal,Success,"2023-06-30 00:00:00"
32,32,PayPal,Failed,"2023-10-11 00:00:00"
33,33,COD,Refunded,"2023-05-28 00:00:00"
34,34,COD,Refunded,"2023-09-07 00:00:00"
35,35,PayPal,Refunded,"2023-03-17 00:00:00"
36,36,"Bank Transfer",Success,"2023-12-24 00:00:00"
37,37,"Bank Transfer",Success,"2023-04-14 00:00:00"
38,38,COD,Refunded,"2023-06-24 00:00:00"
39,39,COD,Refunded,"2023-07-17 00:00:00"
40,40,"Credit Card",Success,"2023-04-07 00:00:00"
41,41,"Bank Transfer",Failed,"2023-09-15 00:00:00"
42,42,PayPal,Failed,"2023-09-27 00:00:00"
43,43,PayPal,Refunded,"2023-07-26 00:00:00"
44,44,COD,Refunded,"2023-08-14 00:00:00"
45,45,PayPal,Failed,"2023-05-24 00:00:00"
46,46,PayPal,Refunded,"2023-02-10 00:00:00"
47,47,"Bank Transfer",Success,"2023-05-16 00:00:00"
48,48,PayPal,Failed,"2023-07-11 00:00:00"
49,49,COD,Success,"2023-07-07 00:00:00"
50,50,PayPal,Failed,"2023-12-28 00:00:00"
51,51,PayPal,Failed,"2023-06-01 00:00:00"
52,52,COD,Failed,"2023-02-06 00:00:00"
53,53,"Bank Transfer",Success,"2023-04-02 00:00:00"
54,54,"Credit Card",Failed,"2023-12-17 00:00:00"
55,55,"Bank Transfer",Refunded,"2023-01-18 00:00:00"
56,56,"Bank Transfer",Refunded,"2023-05-13 00:00:00"
57,57,COD,Success,"2023-09-03 00:00:00"
58,58,"Credit Card",Failed,"2023-04-09 00:00:00"
59,59,PayPal,Failed,"2023-05-04 00:00:00"
60,60,"Credit Card",Refunded,"2023-11-15 00:00:00"
61,61,"Bank Transfer",Failed,"2023-05-09 00:00:00"
62,62,PayPal,Failed,"2023-02-19 00:00:00"
63,63,"Bank Transfer",Success,"2023-08-19 00:00:00"
64,64,COD,Success,"2023-09-29 00:00:00"
65,65,COD,Refunded,"2023-10-28 00:00:00"
66,66,"Credit Card",Failed,"2023-11-20 00:00:00"
67,67,PayPal,Refunded,"2023-12-20 00:00:00"
68,68,COD,Failed,"2023-03-06 00:00:00"
69,69,COD,Failed,"2023-12-26 00:00:00"
70,70,COD,Failed,"2023-05-24 00:00:00"
71,71,"Credit Card",Success,"2023-01-05 00:00:00"
72,72,"Credit Card",Failed,"2023-11-18 00:00:00"
73,73,PayPal,Refunded,"2023-05-13 00:00:00"
74,74,"Bank Transfer",Refunded,"2023-03-06 00:00:00"
75,75,COD,Refunded,"2023-10-18 00:00:00"
76,76,COD,Failed,"2023-06-15 00:00:00"
77,77,COD,Failed,"2023-11-15 00:00:00"
78,78,"Bank Transfer",Refunded,"2023-12-31 00:00:00"
79,79,"Credit Card",Failed,"2023-05-20 00:00:00"
80,80,PayPal,Refunded,"2023-11-30 00:00:00"
81,81,"Bank Transfer",Failed,"2023-06-03 00:00:00"
82,82,PayPal,Success,"2023-05-11 00:00:00"
83,83,"Bank Transfer",Success,"2023-07-11 00:00:00"
84,84,COD,Failed,"2023-07-23 00:00:00"
85,85,COD,Success,"2023-03-19 00:00:00"
86,86,PayPal,Success,"2023-05-21 00:00:00"
87,87,"Bank Transfer",Success,"2023-04-17 00:00:00"
88,88,"Credit Card",Failed,"2023-04-22 00:00:00"
89,89,"Credit Card",Failed,"2023-08-24 00:00:00"
90,90,"Bank Transfer",Refunded,"2023-04-26 00:00:00"
91,91,"Credit Card",Refunded,"2023-08-24 00:00:00"
92,92,"Bank Transfer",Refunded,"2023-04-11 00:00:00"
93,93,"Credit Card",Failed,"2023-06-13 00:00:00"
94,94,"Bank Transfer",Failed,"2023-05-29 00:00:00"
95,95,"Credit Card",Refunded,"2023-09-08 00:00:00"
96,96,"Bank Transfer",Refunded,"2023-03-22 00:00:00"
97,97,"Bank Transfer",Failed,"2023-01-14 00:00:00"
98,98,"Credit Card",Success,"2023-07-12 00:00:00"
99,99,PayPal,Failed,"2023-07-11 00:00:00"
100,100,COD,Failed,"2023-01-15 00:00:00"
