product_id,product_name,vendor_id,category,price,stock_quantity
1,"Vacuum Cleaner",68,"Home Appliances",8691.47,104
2,"Running Shoes",109,"Sports & Outdoors",21878.97,762
3,Jeans,99,Clothing,22011.62,695
4,"Washing Machine",400,"Home Appliances",12509.66,220
5,Laptop,309,Electronics,33346.62,18
6,"Men's T-Shirt",461,Clothing,27962.96,892
7,Cookbook,440,Books,33301.39,744
8,"Running Shoes",353,"Sports & Outdoors",14634.70,411
9,Sweater,345,Clothing,1813.52,246
10,"Washing Machine",427,"Home Appliances",48842.33,247
11,"Gaming Console",389,Electronics,8575.95,87
12,"Business Book",150,Books,14531.97,624
13,Tablet,95,Electronics,30084.43,187
14,"Business Book",241,Books,20829.21,949
15,"Business Book",324,Books,8539.32,484
16,Sneakers,272,Clothing,47272.25,733
17,"Air Conditioner",396,"Home Appliances",1235.70,992
18,"Running Shoes",374,"Sports & Outdoors",685.63,228
19,"Washing Machine",14,"Home Appliances",43414.52,668
20,"Formal Shoes",240,Clothing,16161.72,192
21,"Children's Storybook",74,Books,38995.35,814
22,Football,298,"Sports & Outdoors",38226.08,677
23,Foundation,313,"Beauty & Personal Care",34603.35,888
24,Dumbbells,50,"Sports & Outdoors",23419.73,685
25,"Wireless Earbuds",189,Electronics,42136.03,56
26,Smartwatch,206,Electronics,30093.39,815
27,"Formal Shoes",294,Clothing,39192.81,638
28,Smartphone,388,Electronics,10020.47,777
29,"Formal Shoes",301,Clothing,5460.97,997
30,Cookbook,236,Books,14592.89,467
31,Dumbbells,70,"Sports & Outdoors",10604.20,616
32,"Men's T-Shirt",236,Clothing,6806.45,899
33,Shampoo,48,"Beauty & Personal Care",19229.52,966
34,"Yoga Mat",492,"Sports & Outdoors",35597.54,108
35,"Washing Machine",446,"Home Appliances",424.94,803
36,Laptop,304,Electronics,45731.54,358
37,"Face Wash",262,"Beauty & Personal Care",44926.46,463
38,"Children's Storybook",64,Books,47713.92,74
39,"Washing Machine",62,"Home Appliances",4604.62,84
40,Football,283,"Sports & Outdoors",34340.37,925
41,Refrigerator,275,"Home Appliances",8037.72,136
42,"Microwave Oven",356,"Home Appliances",21761.76,553
43,Lipstick,470,"Beauty & Personal Care",11355.42,184
44,Tablet,160,Electronics,5151.39,136
45,Sunscreen,86,"Beauty & Personal Care",32058.07,475
46,Cookbook,104,Books,28017.77,928
47,"Science Fiction Novel",348,Books,1203.38,485
48,"Air Conditioner",411,"Home Appliances",49375.55,750
49,"Washing Machine",6,"Home Appliances",4956.80,14
50,"Hair Oil",200,"Beauty & Personal Care",21751.19,291
51,Refrigerator,47,"Home Appliances",41160.47,976
52,"Men's T-Shirt",363,Clothing,26492.60,995
53,Shampoo,439,"Beauty & Personal Care",33554.75,956
54,"Yoga Mat",16,"Sports & Outdoors",17912.59,926
55,"Yoga Mat",433,"Sports & Outdoors",35932.70,393
56,Jacket,145,Clothing,27065.22,565
57,Perfume,468,"Beauty & Personal Care",45267.56,479
58,"Washing Machine",70,"Home Appliances",21756.15,170
59,Laptop,497,Electronics,9478.92,4
60,"Running Shoes",105,"Sports & Outdoors",21427.95,850
61,Refrigerator,82,"Home Appliances",49947.10,529
62,"Gaming Console",145,Electronics,35388.54,172
63,"Yoga Mat",269,"Sports & Outdoors",39893.35,575
64,Perfume,442,"Beauty & Personal Care",29553.61,14
65,"Vacuum Cleaner",157,"Home Appliances",29086.23,625
66,"Gaming Console",297,Electronics,39085.94,591
67,Sweater,468,Clothing,12583.45,800
68,Smartwatch,461,Electronics,32473.06,997
69,"Face Wash",360,"Beauty & Personal Care",19763.13,986
70,"Wireless Earbuds",271,Electronics,28926.11,434
71,"Tennis Racket",366,"Sports & Outdoors",13161.84,551
72,"Yoga Mat",192,"Sports & Outdoors",33191.06,849
73,"Face Wash",360,"Beauty & Personal Care",8807.31,393
74,"Science Fiction Novel",167,Books,19146.55,925
75,"Self-Help Book",40,Books,7647.12,528
76,"Hair Oil",189,"Beauty & Personal Care",49898.44,139
77,"Business Book",209,Books,31320.98,977
78,"Children's Storybook",415,Books,6174.95,22
79,"Science Fiction Novel",125,Books,29724.43,602
80,Smartphone,162,Electronics,18090.74,599
81,Football,202,"Sports & Outdoors",26430.20,1000
82,"Microwave Oven",100,"Home Appliances",22733.25,828
83,"Business Book",412,Books,12261.33,607
84,Cookbook,452,Books,38732.42,461
85,Sunscreen,440,"Beauty & Personal Care",15384.85,151
86,"Yoga Mat",115,"Sports & Outdoors",1686.29,903
87,Sweater,416,Clothing,1088.53,390
88,Cookbook,383,Books,48470.18,669
89,Football,279,"Sports & Outdoors",33580.54,12
90,Sneakers,370,Clothing,23627.68,928
91,Cookbook,172,Books,16801.39,109
92,"Business Book",456,Books,44833.92,739
93,"Washing Machine",329,"Home Appliances",16858.03,740
94,"Microwave Oven",144,"Home Appliances",13132.09,144
95,"Face Wash",102,"Beauty & Personal Care",26214.27,289
96,"Wireless Earbuds",164,Electronics,9855.95,636
97,Refrigerator,227,"Home Appliances",6486.78,197
98,Football,497,"Sports & Outdoors",12435.52,910
99,Smartwatch,463,Electronics,16943.75,523
100,Foundation,380,"Beauty & Personal Care",40509.88,842
