review_id,customer_id,product_id,rating,review_text,review_date
1,1195,767,2,"The story was slow in the beginning but got better.","2023-01-25 00:00:00"
2,1205,1198,4,"Smells amazing and feels great on the skin.","2023-09-21 00:00:00"
3,1489,199,1,"Amazing book, highly recommended.","2023-05-28 00:00:00"
5,928,1273,2,"Excellent performance and battery life. Highly recommend!","2023-11-07 00:00:00"
6,1338,413,1,"Excellent product, worth the price.","2023-01-16 00:00:00"
7,1368,220,2,"Value for money, does the job well.","2023-09-01 00:00:00"
8,1425,601,1,"Works like a charm, very energy efficient.","2023-03-14 00:00:00"
9,1170,383,1,"Took longer than expected to be delivered.","2023-01-01 00:00:00"
10,537,1280,5,"The story was slow in the beginning but got better.","2023-05-27 00:00:00"
11,1104,288,4,"Not satisfied, had heating issues.","2023-01-05 00:00:00"
12,840,805,4,"Very comfortable and stylish!","2023-11-07 00:00:00"
13,1464,327,1,"Easy to use and installation was quick.","2023-03-19 00:00:00"
15,356,770,3,"Color faded after a few washes.","2023-07-08 00:00:00"
16,870,1175,5,"Affordable and does what it claims.","2023-12-13 00:00:00"
17,740,920,2,"Long-lasting fragrance, really impressed!","2023-03-10 00:00:00"
18,405,353,1,"Works like a charm, very energy efficient.","2023-02-04 00:00:00"
19,768,66,1,"Good product but slightly overpriced.","2023-11-29 00:00:00"
20,701,834,1,"Lightweight and very comfortable.","2023-04-08 00:00:00"
21,176,754,3,"Color faded after a few washes.","2023-08-09 00:00:00"
22,371,1152,1,"Excellent product, worth the price.","2023-03-21 00:00:00"
23,1141,629,5,"Arrived on time and exactly as described.","2023-04-11 00:00:00"
24,99,332,2,"Good product, but packaging could be better.","2023-09-20 00:00:00"
25,665,647,5,"The story was slow in the beginning but got better.","2023-10-12 00:00:00"
26,1109,977,2,"Excellent product, worth the price.","2023-09-24 00:00:00"
27,501,51,2,"Easy to use and installation was quick.","2023-04-28 00:00:00"
28,213,214,3,"Not as interesting as I expected.","2023-06-01 00:00:00"
29,961,1447,3,"Took longer than expected to be delivered.","2023-02-09 00:00:00"
30,214,352,4,"Not very durable, broke after a few uses.","2023-04-17 00:00:00"
31,1399,1010,3,"Arrived on time and exactly as described.","2023-02-21 00:00:00"
32,244,1367,2,"The story was slow in the beginning but got better.","2023-10-30 00:00:00"
33,1489,1328,2,"Value for money, does the job well.","2023-09-21 00:00:00"
34,1068,1181,4,"Value for money, does the job well.","2023-02-15 00:00:00"
35,173,9,3,"Very comfortable and stylish!","2023-06-14 00:00:00"
36,8,902,3,"Smells amazing and feels great on the skin.","2023-11-19 00:00:00"
37,1263,273,5,"The story was slow in the beginning but got better.","2023-01-22 00:00:00"
38,935,1365,3,"Affordable and does what it claims.","2023-08-27 00:00:00"
39,1439,741,3,"A must-read! Very informative and engaging.","2023-01-30 00:00:00"
40,852,1141,4,"Not satisfied, had heating issues.","2023-06-14 00:00:00"
41,1001,934,3,"Smells amazing and feels great on the skin.","2023-01-03 00:00:00"
42,1179,1200,4,"Very comfortable and stylish!","2023-09-06 00:00:00"
43,1150,279,4,"Excellent product, worth the price.","2023-05-23 00:00:00"
44,9,1276,4,"Works like a charm, very energy efficient.","2023-11-26 00:00:00"
45,1136,757,5,"Stopped working after a month, not happy.","2023-05-05 00:00:00"
46,1009,1194,5,"Value for money, does the job well.","2023-12-31 00:00:00"
47,114,765,5,"Good product but slightly overpriced.","2023-12-19 00:00:00"
48,1494,704,2,"Stopped working after a month, not happy.","2023-11-03 00:00:00"
49,1041,1059,3,"Good product, but packaging could be better.","2023-04-19 00:00:00"
50,450,785,4,"Took longer than expected to be delivered.","2023-12-19 00:00:00"
51,1457,931,2,"Excellent product, worth the price.","2023-12-09 00:00:00"
52,274,1180,2,"Caused irritation, not recommended for sensitive skin.","2023-10-19 00:00:00"
53,504,1159,5,"Well-written and full of insights.","2023-03-05 00:00:00"
54,1271,1239,5,"Took longer than expected to be delivered.","2023-06-23 00:00:00"
55,1070,141,2,"Works like a charm, very energy efficient.","2023-11-08 00:00:00"
56,725,649,5,"The story was slow in the beginning but got better.","2023-11-03 00:00:00"
57,908,688,3,"Good product but slightly overpriced.","2023-08-22 00:00:00"
58,1202,1002,1,"Affordable and does what it claims.","2023-09-07 00:00:00"
59,102,1073,4,"Affordable and does what it claims.","2023-07-03 00:00:00"
60,735,571,5,"Very comfortable and stylish!","2023-06-15 00:00:00"
61,330,1347,2,"Arrived on time and exactly as described.","2023-10-06 00:00:00"
62,642,1183,5,"Not as interesting as I expected.","2023-06-17 00:00:00"
63,1355,549,4,"Not very durable, broke after a few uses.","2023-12-31 00:00:00"
64,1366,1466,5,"Took longer than expected to be delivered.","2023-08-14 00:00:00"
65,283,300,2,"Works like a charm, very energy efficient.","2023-02-03 00:00:00"
66,459,1420,5,"Caused irritation, not recommended for sensitive skin.","2023-08-11 00:00:00"
67,1149,194,5,"Stopped working after a month, not happy.","2023-10-09 00:00:00"
68,546,68,3,"Good product but slightly overpriced.","2023-01-12 00:00:00"
69,977,186,5,"Took longer than expected to be delivered.","2023-11-03 00:00:00"
70,1377,370,1,"Easy to use and installation was quick.","2023-02-08 00:00:00"
71,74,502,2,"Great quality, perfect for regular use.","2023-01-02 00:00:00"
72,810,520,3,"Long-lasting fragrance, really impressed!","2023-09-17 00:00:00"
73,1359,1059,5,"Affordable and does what it claims.","2023-07-15 00:00:00"
74,581,1377,3,"Excellent product, worth the price.","2023-07-21 00:00:00"
75,1236,853,1,"Excellent performance and battery life. Highly recommend!","2023-02-26 00:00:00"
76,1370,890,2,"Arrived on time and exactly as described.","2023-02-12 00:00:00"
77,193,325,2,"The story was slow in the beginning but got better.","2023-02-13 00:00:00"
78,594,765,5,"The camera quality is top-notch!","2023-03-30 00:00:00"
79,1163,1256,2,"Affordable and does what it claims.","2023-11-11 00:00:00"
80,269,420,5,"The material is too thin for winter wear.","2023-07-31 00:00:00"
81,125,852,3,"Great quality, perfect for regular use.","2023-04-24 00:00:00"
82,652,366,3,"Good product, but packaging could be better.","2023-10-27 00:00:00"
83,256,336,1,"Smells amazing and feels great on the skin.","2023-03-01 00:00:00"
84,1102,908,5,"Color faded after a few washes.","2023-05-09 00:00:00"
85,1231,164,4,"The story was slow in the beginning but got better.","2023-04-10 00:00:00"
86,9,915,1,"Perfect for beginners, worth the money.","2023-04-24 00:00:00"
87,533,1094,2,"Great quality, perfect for regular use.","2023-09-24 00:00:00"
88,556,13,5,"The camera quality is top-notch!","2023-09-22 00:00:00"
89,1466,576,4,"Very comfortable and stylish!","2023-06-08 00:00:00"
90,1356,635,1,"Smells amazing and feels great on the skin.","2023-12-29 00:00:00"
91,1012,1333,1,"The material is too thin for winter wear.","2023-09-01 00:00:00"
92,467,922,2,"Well-written and full of insights.","2023-05-08 00:00:00"
93,624,758,2,"Very comfortable and stylish!","2023-10-02 00:00:00"
94,144,1108,4,"Value for money, does the job well.","2023-09-15 00:00:00"
95,386,107,4,"Perfect for beginners, worth the money.","2023-04-13 00:00:00"
96,1303,982,1,"Color faded after a few washes.","2023-04-13 00:00:00"
97,184,1051,1,"Good product but slightly overpriced.","2023-07-23 00:00:00"
98,1408,1478,1,"Arrived on time and exactly as described.","2023-12-13 00:00:00"
99,999,1005,1,"The story was slow in the beginning but got better.","2023-01-27 00:00:00"
100,1312,251,2,"Works like a charm, very energy efficient.","2023-07-06 00:00:00"
101,588,610,1,"Well-written and full of insights.","2023-05-07 00:00:00"
102,991,762,3,"Value for money, does the job well.","2023-03-12 00:00:00"
