vendor_id,vendor_name,contact_email,contact_phone,registration_date
1,"Dugar, Kanda and Mall",dugar.kanda.and.mall@yahoo.com,"+91 7728557731","2023-08-10 00:00:00"
2,Kota-Datta,kota-datta@hotmail.com,"+91 9031946409","2023-04-20 00:00:00"
3,"Ramesh, Basu and Dube",ramesh.basu.and.dube@gmail.com,"+91 7853110651","2023-09-04 00:00:00"
4,"Bhatia and Sons",bhatia.and.sons@yahoo.com,"+91 6201547120","2023-06-25 00:00:00"
5,Sawhney-Saran,sawhney-saran@hotmail.com,"+91 8841602137","2023-05-18 00:00:00"
6,"Singh, Wable and Das",singh.wable.and.das@yahoo.com,"+91 9278062445","2023-06-12 00:00:00"
7,"Ahuja Ltd",ahuja.ltd@hotmail.com,"+91 9028648503","2023-02-04 00:00:00"
8,Chauhan-Barad,chauhan-barad@yahoo.com,"+91 8614103378","2023-02-18 00:00:00"
9,"Desai, Mannan and Wagle",desai.mannan.and.wagle@hotmail.com,"+91 9677551447","2023-05-19 00:00:00"
10,Ramesh-Shetty,ramesh-shetty@gmail.com,"+91 7343673461","2023-07-03 00:00:00"
11,"Bath Ltd",bath.ltd@gmail.com,"+91 6049110524","2023-05-19 00:00:00"
12,"Brahmbhatt, Sangha and Chandran",brahmbhatt.sangha.and.chandran@yahoo.com,"+91 8307272772","2023-05-21 00:00:00"
13,"Gour and Sons",gour.and.sons@hotmail.com,"+91 9152416662","2023-10-15 00:00:00"
14,Saha-Kari,saha-kari@yahoo.com,"+91 7252005167","2023-10-11 00:00:00"
15,"Kari, Baral and Rama",kari.baral.and.rama@yahoo.com,"+91 9310398176","2023-07-11 00:00:00"
16,"Anne and Sons",anne.and.sons@hotmail.com,"+91 9213466357","2023-04-20 00:00:00"
17,Vora-Jaggi,vora-jaggi@hotmail.com,"+91 6598914845","2023-12-01 00:00:00"
18,Arya-Krishnamurthy,arya-krishnamurthy@gmail.com,"+91 9735701523","2023-09-08 00:00:00"
19,"Khalsa LLC",khalsa.llc@gmail.com,"+91 9818719898","2023-09-06 00:00:00"
20,Chaudhari-Choudhury,chaudhari-choudhury@hotmail.com,"+91 6219857707","2023-05-05 00:00:00"
21,"Jain and Sons",jain.and.sons@yahoo.com,"+91 6676338139","2023-09-02 00:00:00"
22,"Karnik Inc",karnik.inc@hotmail.com,"+91 8489675321","2023-04-26 00:00:00"
23,"Khurana, Seshadri and Suri",khurana.seshadri.and.suri@gmail.com,"+91 8829570069","2023-08-01 00:00:00"
24,"Gokhale Group",gokhale.group@yahoo.com,"+91 9711767617","2023-12-17 00:00:00"
25,"Solanki LLC",solanki.llc@gmail.com,"+91 9092058012","2023-01-22 00:00:00"
26,Bhagat-Ghosh,bhagat-ghosh@yahoo.com,"+91 9145848118","2023-05-30 00:00:00"
27,"Dugar and Sons",dugar.and.sons@hotmail.com,"+91 6831961657","2023-11-14 00:00:00"
28,"Cheema Group",cheema.group@yahoo.com,"+91 9570626597","2023-02-13 00:00:00"
29,"Cherian Inc",cherian.inc@yahoo.com,"+91 6050004139","2023-12-27 00:00:00"
30,"Sandhu PLC",sandhu.plc@hotmail.com,"+91 6524060477","2023-08-02 00:00:00"
31,Chaudry-Lall,chaudry-lall@yahoo.com,"+91 9974424358","2023-12-15 00:00:00"
32,Mahajan-Shukla,mahajan-shukla@gmail.com,"+91 9091673606","2023-01-10 00:00:00"
33,"Dyal PLC",dyal.plc@gmail.com,"+91 7943568676","2023-04-08 00:00:00"
34,Sarna-Raman,sarna-raman@yahoo.com,"+91 8118096501","2023-04-04 00:00:00"
35,"Sabharwal Inc",sabharwal.inc@hotmail.com,"+91 7182322184","2023-06-26 00:00:00"
36,"Khanna, Shukla and Dhillon",khanna.shukla.and.dhillon@yahoo.com,"+91 8741623237","2023-08-24 00:00:00"
37,"Dixit, Bassi and Sandal",dixit.bassi.and.sandal@hotmail.com,"+91 7380191143","2023-10-11 00:00:00"
38,"Sankaran, Sundaram and Goswami",sankaran.sundaram.and.goswami@gmail.com,"+91 6561796850","2023-12-13 00:00:00"
39,"Deo, Raja and Shukla",deo.raja.and.shukla@hotmail.com,"+91 6239701155","2023-05-31 00:00:00"
40,"Kaul Ltd",kaul.ltd@gmail.com,"+91 6476368627","2023-03-20 00:00:00"
41,Sem-Tak,sem-tak@gmail.com,"+91 7908976417","2023-11-02 00:00:00"
42,Majumdar-Wagle,majumdar-wagle@yahoo.com,"+91 9173664441","2023-07-19 00:00:00"
43,Balay-Andra,balay-andra@gmail.com,"+91 6302081694","2023-03-21 00:00:00"
44,Wali-Virk,wali-virk@hotmail.com,"+91 8172397210","2023-06-13 00:00:00"
45,"Ganesan and Sons",ganesan.and.sons@gmail.com,"+91 7042282489","2023-08-05 00:00:00"
46,Sami-Chandran,sami-chandran@gmail.com,"+91 9225060151","2023-08-12 00:00:00"
47,"Taneja PLC",taneja.plc@hotmail.com,"+91 9122155949","2023-04-16 00:00:00"
48,Sem-Chanda,sem-chanda@yahoo.com,"+91 8446665988","2023-08-09 00:00:00"
49,"Som, Yohannan and Warrior",som.yohannan.and.warrior@yahoo.com,"+91 7202404092","2023-02-28 00:00:00"
50,"Vasa, Issac and Sood",vasa.issac.and.sood@yahoo.com,"+91 9352938497","2023-12-27 00:00:00"
51,Sura-Bandi,sura-bandi@gmail.com,"+91 7707740591","2023-06-14 00:00:00"
52,Chanda-Bhat,chanda-bhat@hotmail.com,"+91 7525804580","2023-04-19 00:00:00"
53,Kuruvilla-Babu,kuruvilla-babu@hotmail.com,"+91 9999286324","2023-02-19 00:00:00"
54,"Varma, Krishna and Raja",varma.krishna.and.raja@gmail.com,"+91 8609758901","2023-10-12 00:00:00"
55,"Bir LLC",bir.llc@hotmail.com,"+91 8260879881","2023-07-01 00:00:00"
56,"Sane, Karan and Deo",sane.karan.and.deo@gmail.com,"+91 9513694905","2023-02-21 00:00:00"
57,Virk-Singh,virk-singh@gmail.com,"+91 6064734831","2023-03-22 00:00:00"
58,"Dar LLC",dar.llc@gmail.com,"+91 8614745651","2023-09-06 00:00:00"
59,"De PLC",de.plc@hotmail.com,"+91 6161534731","2023-09-26 00:00:00"
60,"Dora, Mahal and Mallick",dora.mahal.and.mallick@hotmail.com,"+91 8568491549","2023-08-21 00:00:00"
61,"Gade Ltd",gade.ltd@hotmail.com,"+91 9705331001","2023-12-23 00:00:00"
62,"Keer Inc",keer.inc@yahoo.com,"+91 8374838354","2023-12-22 00:00:00"
63,Batta-Wali,batta-wali@yahoo.com,"+91 6886157884","2023-12-08 00:00:00"
64,"Varty, Verma and Cherian",varty.verma.and.cherian@hotmail.com,"+91 9360392320","2023-10-04 00:00:00"
65,"Sharma, Brahmbhatt and Balay",sharma.brahmbhatt.and.balay@hotmail.com,"+91 6169574001","2023-12-24 00:00:00"
66,Kurian-Shanker,kurian-shanker@gmail.com,"+91 9137408695","2023-08-16 00:00:00"
67,"Saini, Khare and Dalal",saini.khare.and.dalal@hotmail.com,"+91 6320186955","2023-03-09 00:00:00"
68,"Solanki, Lalla and Karan",solanki.lalla.and.karan@yahoo.com,"+91 8358206874","2023-01-20 00:00:00"
69,"Boase Ltd",boase.ltd@yahoo.com,"+91 6428166453","2023-09-17 00:00:00"
70,Sen-Shenoy,sen-shenoy@hotmail.com,"+91 9203566970","2023-05-24 00:00:00"
71,"Kothari, Master and Mall",kothari.master.and.mall@hotmail.com,"+91 7369578225","2023-11-03 00:00:00"
72,Jhaveri-Banik,jhaveri-banik@gmail.com,"+91 9805706507","2023-01-04 00:00:00"
73,"Sodhi, Manda and Dani",sodhi.manda.and.dani@hotmail.com,"+91 6380821731","2023-07-15 00:00:00"
74,Tripathi-Sankar,tripathi-sankar@hotmail.com,"+91 6834627498","2023-08-23 00:00:00"
75,"Bora and Sons",bora.and.sons@hotmail.com,"+91 9842460190","2023-08-12 00:00:00"
76,"Bhat, Madan and Shere",bhat.madan.and.shere@yahoo.com,"+91 8387716151","2023-02-19 00:00:00"
77,Batta-Sinha,batta-sinha@yahoo.com,"+91 9598965499","2023-11-02 00:00:00"
78,"Manda, Tank and Bajaj",manda.tank.and.bajaj@gmail.com,"+91 6925680174","2023-10-11 00:00:00"
79,"Lad, Wagle and Tripathi",lad.wagle.and.tripathi@gmail.com,"+91 7169590650","2023-05-19 00:00:00"
80,"Kala and Sons",kala.and.sons@hotmail.com,"+91 7422823824","2023-07-26 00:00:00"
81,Madan-Dutt,madan-dutt@yahoo.com,"+91 9709833932","2023-09-08 00:00:00"
82,"Goswami LLC",goswami.llc@yahoo.com,"+91 9686274593","2023-09-25 00:00:00"
83,"Lanka LLC",lanka.llc@hotmail.com,"+91 7304955812","2023-08-08 00:00:00"
84,"Karnik PLC",karnik.plc@yahoo.com,"+91 8278044961","2023-10-25 00:00:00"
85,"Karnik LLC",karnik.llc@hotmail.com,"+91 9884240950","2023-04-08 00:00:00"
86,"Dugar, Seth and Kunda",dugar.seth.and.kunda@yahoo.com,"+91 9401453769","2023-11-22 00:00:00"
87,"Chandra PLC",chandra.plc@yahoo.com,"+91 7077114982","2023-08-29 00:00:00"
88,Divan-Krishna,divan-krishna@gmail.com,"+91 9475998373","2023-08-12 00:00:00"
89,Chandra-Rastogi,chandra-rastogi@yahoo.com,"+91 9628720076","2023-02-04 00:00:00"
90,"Wali Group",wali.group@hotmail.com,"+91 9910124219","2023-08-19 00:00:00"
91,Tank-Viswanathan,tank-viswanathan@hotmail.com,"+91 9563626010","2023-11-18 00:00:00"
92,"Yadav Ltd",yadav.ltd@gmail.com,"+91 6705855693","2023-07-02 00:00:00"
93,Rout-Shetty,rout-shetty@hotmail.com,"+91 6028488891","2023-11-13 00:00:00"
94,"Sharaf and Sons",sharaf.and.sons@yahoo.com,"+91 8816324156","2023-10-29 00:00:00"
95,Kamdar-Sheth,kamdar-sheth@hotmail.com,"+91 7778216550","2023-07-16 00:00:00"
96,"Bhakta, Vig and Srinivasan",bhakta.vig.and.srinivasan@gmail.com,"+91 6997323845","2023-03-16 00:00:00"
97,"Vasa, Shere and Setty",vasa.shere.and.setty@yahoo.com,"+91 8644794927","2023-05-30 00:00:00"
98,"Korpal, Dugar and Dave",korpal.dugar.and.dave@hotmail.com,"+91 6376739725","2023-06-07 00:00:00"
99,"Sood PLC",sood.plc@yahoo.com,"+91 7772589491","2023-12-07 00:00:00"
100,"Mander, Kibe and Acharya",mander.kibe.and.acharya@yahoo.com,"+91 7993745376","2023-05-17 00:00:00"
